[{
		"id": 4,
		"year": 2010,
		"month": 201001,
		"date": "1/01/2010 0:00",
		"street": "BISSCHOPPENHOFLAAN",
		"driving_direction": "stadin",
		"speed_limit": 70,
		"passersby": 3266,
		"infractions_speed": 12,
		"infractions_red_light": 0
	},
	{
		"id": 7,
		"year": 2011,
		"month": 201001,
		"date": "1/01/2010 0:00",
		"street": "GASTHUISTUNNEL",
		"driving_direction": "staduit",
		"speed_limit": 30,
		"passersby": 313,
		"infractions_speed": 19,
		"infractions_red_light": 0
	},
	{
		"id": 10,
		"year": 2011,
		"month": 201001,
		"date": "1/01/2010 0:00",
		"street": "BINNENSINGEL",
		"driving_direction": "zuid",
		"speed_limit": 70,
		"passersby": 11065,
		"infractions_speed": 65,
		"infractions_red_light": 0
	},
	{
		"id": 13,
		"year": 2012,
		"month": 201001,
		"date": "1/01/2010 0:00",
		"street": "BISSCHOPPENHOFLAAN",
		"driving_direction": "stadin",
		"speed_limit": 50,
		"passersby": 4797,
		"infractions_speed": 0,
		"infractions_red_light": 2
	},
	{
		"id": 16,
		"year": 2012,
		"month": 201001,
		"date": "1/01/2010 0:00",
		"street": "NOORDERSINGEL",
		"driving_direction": "noord",
		"speed_limit": 70,
		"passersby": 6930,
		"infractions_speed": 27,
		"infractions_red_light": 0
	},
	{
		"id": 19,
		"year": 2012,
		"month": 201001,
		"date": "1/01/2010 0:00",
		"street": "BINNENSINGEL",
		"driving_direction": "noord",
		"speed_limit": 70,
		"passersby": 7536,
		"infractions_speed": 53,
		"infractions_red_light": 0
	},
	{
		"id": 22,
		"year": 2010,
		"month": 201001,
		"date": "2/01/2010 0:00",
		"street": "BISSCHOPPENHOFLAAN",
		"driving_direction": "stadin",
		"speed_limit": 50,
		"passersby": 8992,
		"infractions_speed": 0,
		"infractions_red_light": 0
	},
	{
		"id": 25,
		"year": 2010,
		"month": 201001,
		"date": "2/01/2010 0:00",
		"street": "BINNENSINGEL",
		"driving_direction": "noord",
		"speed_limit": 70,
		"passersby": 10871,
		"infractions_speed": 46,
		"infractions_red_light": 0
	},
	{
		"id": 28,
		"year": 2010,
		"month": 201001,
		"date": "2/01/2010 0:00",
		"street": "BISSCHOPPENHOFLAAN",
		"driving_direction": "stadin",
		"speed_limit": 70,
		"passersby": 7466,
		"infractions_speed": 4,
		"infractions_red_light": 0
	},
	{
		"id": 31,
		"year": 2010,
		"month": 201001,
		"date": "2/01/2010 0:00",
		"street": "NOORDERSINGEL",
		"driving_direction": "noord",
		"speed_limit": 70,
		"passersby": 8596,
		"infractions_speed": 38,
		"infractions_red_light": 0
	},
	{
		"id": 34,
		"year": 2010,
		"month": 201001,
		"date": "2/01/2010 0:00",
		"street": "BINNENSINGEL",
		"driving_direction": "zuid",
		"speed_limit": 70,
		"passersby": 12606,
		"infractions_speed": 79,
		"infractions_red_light": 0
	},
	{
		"id": 37,
		"year": 2010,
		"month": 201001,
		"date": "3/01/2010 0:00",
		"street": "BISSCHOPPENHOFLAAN",
		"driving_direction": "stadin",
		"speed_limit": 50,
		"passersby": 6201,
		"infractions_speed": 0,
		"infractions_red_light": 2
	},
	{
		"id": 40,
		"year": 2010,
		"month": 201001,
		"date": "3/01/2010 0:00",
		"street": "NOORDERSINGEL",
		"driving_direction": "noord",
		"speed_limit": 70,
		"passersby": 7944,
		"infractions_speed": 8,
		"infractions_red_light": 0
	},
	{
		"id": 43,
		"year": 2010,
		"month": 201001,
		"date": "3/01/2010 0:00",
		"street": "BISSCHOPPENHOFLAAN",
		"driving_direction": "stadin",
		"speed_limit": 70,
		"passersby": 4506,
		"infractions_speed": 2,
		"infractions_red_light": 0
	},
	{
		"id": 46,
		"year": 2010,
		"month": 201001,
		"date": "3/01/2010 0:00",
		"street": "BINNENSINGEL",
		"driving_direction": "zuid",
		"speed_limit": 70,
		"passersby": 11363,
		"infractions_speed": 36,
		"infractions_red_light": 0
	},
	{
		"id": 49,
		"year": 2010,
		"month": 201001,
		"date": "3/01/2010 0:00",
		"street": "BINNENSINGEL",
		"driving_direction": "noord",
		"speed_limit": 70,
		"passersby": 9143,
		"infractions_speed": 26,
		"infractions_red_light": 0
	},
	{
		"id": 52,
		"year": 2010,
		"month": 201001,
		"date": "4/01/2010 0:00",
		"street": "BISSCHOPPENHOFLAAN",
		"driving_direction": "stadin",
		"speed_limit": 70,
		"passersby": 4209,
		"infractions_speed": 1,
		"infractions_red_light": 0
	},
	{
		"id": 55,
		"year": 2010,
		"month": 201001,
		"date": "4/01/2010 0:00",
		"street": "BINNENSINGEL",
		"driving_direction": "zuid",
		"speed_limit": 70,
		"passersby": 5775,
		"infractions_speed": 4,
		"infractions_red_light": 0
	},
	{
		"id": 58,
		"year": 2010,
		"month": 201001,
		"date": "4/01/2010 0:00",
		"street": "BISSCHOPPENHOFLAAN",
		"driving_direction": "stadin",
		"speed_limit": 50,
		"passersby": 10366,
		"infractions_speed": 0,
		"infractions_red_light": 0
	},
	{
		"id": 61,
		"year": 2010,
		"month": 201001,
		"date": "4/01/2010 0:00",
		"street": "GASTHUISTUNNEL",
		"driving_direction": "staduit",
		"speed_limit": 30,
		"passersby": 1540,
		"infractions_speed": 49,
		"infractions_red_light": 0
	},
	{
		"id": 64,
		"year": 2010,
		"month": 201001,
		"date": "4/01/2010 0:00",
		"street": "BINNENSINGEL",
		"driving_direction": "noord",
		"speed_limit": 70,
		"passersby": 4531,
		"infractions_speed": 11,
		"infractions_red_light": 0
	},
	{
		"id": 67,
		"year": 2010,
		"month": 201001,
		"date": "4/01/2010 0:00",
		"street": "NOORDERSINGEL",
		"driving_direction": "noord",
		"speed_limit": 70,
		"passersby": 2892,
		"infractions_speed": 2,
		"infractions_red_light": 0
	},
	{
		"id": 70,
		"year": 2010,
		"month": 201001,
		"date": "5/01/2010 0:00",
		"street": "BINNENSINGEL",
		"driving_direction": "zuid",
		"speed_limit": 70,
		"passersby": 23652,
		"infractions_speed": 41,
		"infractions_red_light": 0
	},
	{
		"id": 73,
		"year": 2010,
		"month": 201001,
		"date": "5/01/2010 0:00",
		"street": "NOORDERSINGEL",
		"driving_direction": "noord",
		"speed_limit": 70,
		"passersby": 13096,
		"infractions_speed": 15,
		"infractions_red_light": 0
	},
	{
		"id": 76,
		"year": 2010,
		"month": 201001,
		"date": "5/01/2010 0:00",
		"street": "BINNENSINGEL",
		"driving_direction": "noord",
		"speed_limit": 70,
		"passersby": 26398,
		"infractions_speed": 42,
		"infractions_red_light": 0
	},
	{
		"id": 79,
		"year": 2010,
		"month": 201001,
		"date": "5/01/2010 0:00",
		"street": "BISSCHOPPENHOFLAAN",
		"driving_direction": "stadin",
		"speed_limit": 70,
		"passersby": 13219,
		"infractions_speed": 2,
		"infractions_red_light": 0
	},
	{
		"id": 82,
		"year": 2010,
		"month": 201001,
		"date": "5/01/2010 0:00",
		"street": "BISSCHOPPENHOFLAAN",
		"driving_direction": "stadin",
		"speed_limit": 50,
		"passersby": 10428,
		"infractions_speed": 0,
		"infractions_red_light": 2
	},
	{
		"id": 85,
		"year": 2010,
		"month": 201001,
		"date": "5/01/2010 0:00",
		"street": "GASTHUISTUNNEL",
		"driving_direction": "staduit",
		"speed_limit": 30,
		"passersby": 2031,
		"infractions_speed": 44,
		"infractions_red_light": 0
	},
	{
		"id": 88,
		"year": 2010,
		"month": 201001,
		"date": "6/01/2010 0:00",
		"street": "BINNENSINGEL",
		"driving_direction": "noord",
		"speed_limit": 70,
		"passersby": 27885,
		"infractions_speed": 35,
		"infractions_red_light": 0
	},
	{
		"id": 91,
		"year": 2010,
		"month": 201001,
		"date": "6/01/2010 0:00",
		"street": "BISSCHOPPENHOFLAAN",
		"driving_direction": "stadin",
		"speed_limit": 50,
		"passersby": 10723,
		"infractions_speed": 0,
		"infractions_red_light": 0
	},
	{
		"id": 94,
		"year": 2010,
		"month": 201001,
		"date": "6/01/2010 0:00",
		"street": "BISSCHOPPENHOFLAAN",
		"driving_direction": "stadin",
		"speed_limit": 70,
		"passersby": 12818,
		"infractions_speed": 1,
		"infractions_red_light": 0
	},
	{
		"id": 97,
		"year": 2010,
		"month": 201001,
		"date": "6/01/2010 0:00",
		"street": "BINNENSINGEL",
		"driving_direction": "zuid",
		"speed_limit": 70,
		"passersby": 23525,
		"infractions_speed": 46,
		"infractions_red_light": 0
	},
	{
		"id": 100,
		"year": 2010,
		"month": 201001,
		"date": "6/01/2010 0:00",
		"street": "GASTHUISTUNNEL",
		"driving_direction": "staduit",
		"speed_limit": 30,
		"passersby": 516,
		"infractions_speed": 8,
		"infractions_red_light": 0
	},
	{
		"id": 103,
		"year": 2010,
		"month": 201001,
		"date": "6/01/2010 0:00",
		"street": "NOORDERSINGEL",
		"driving_direction": "noord",
		"speed_limit": 70,
		"passersby": 14303,
		"infractions_speed": 21,
		"infractions_red_light": 0
	},
	{
		"id": 106,
		"year": 2010,
		"month": 201001,
		"date": "7/01/2010 0:00",
		"street": "GASTHUISTUNNEL",
		"driving_direction": "staduit",
		"speed_limit": 30,
		"passersby": 2230,
		"infractions_speed": 62,
		"infractions_red_light": 0
	},
	{
		"id": 109,
		"year": 2010,
		"month": 201001,
		"date": "7/01/2010 0:00",
		"street": "BREDABAAN",
		"driving_direction": "stadin",
		"speed_limit": 70,
		"passersby": 10523,
		"infractions_speed": 0,
		"infractions_red_light": 4
	},
	{
		"id": 112,
		"year": 2010,
		"month": 201001,
		"date": "7/01/2010 0:00",
		"street": "BINNENSINGEL",
		"driving_direction": "noord",
		"speed_limit": 70,
		"passersby": 27705,
		"infractions_speed": 57,
		"infractions_red_light": 0
	},
	{
		"id": 115,
		"year": 2010,
		"month": 201001,
		"date": "7/01/2010 0:00",
		"street": "BINNENSINGEL",
		"driving_direction": "zuid",
		"speed_limit": 70,
		"passersby": 24065,
		"infractions_speed": 52,
		"infractions_red_light": 0
	},
	{
		"id": 118,
		"year": 2010,
		"month": 201001,
		"date": "7/01/2010 0:00",
		"street": "BISSCHOPPENHOFLAAN",
		"driving_direction": "stadin",
		"speed_limit": 70,
		"passersby": 12372,
		"infractions_speed": 1,
		"infractions_red_light": 0
	},
	{
		"id": 121,
		"year": 2010,
		"month": 201001,
		"date": "7/01/2010 0:00",
		"street": "NOORDERSINGEL",
		"driving_direction": "noord",
		"speed_limit": 70,
		"passersby": 13893,
		"infractions_speed": 18,
		"infractions_red_light": 0
	},
	{
		"id": 124,
		"year": 2010,
		"month": 201001,
		"date": "8/01/2010 0:00",
		"street": "BREDABAAN",
		"driving_direction": "stadin",
		"speed_limit": 70,
		"passersby": 11233,
		"infractions_speed": 0,
		"infractions_red_light": 2
	},
	{
		"id": 127,
		"year": 2010,
		"month": 201001,
		"date": "8/01/2010 0:00",
		"street": "GASTHUISTUNNEL",
		"driving_direction": "staduit",
		"speed_limit": 30,
		"passersby": 386,
		"infractions_speed": 8,
		"infractions_red_light": 0
	},
	{
		"id": 130,
		"year": 2010,
		"month": 201001,
		"date": "8/01/2010 0:00",
		"street": "BINNENSINGEL",
		"driving_direction": "noord",
		"speed_limit": 70,
		"passersby": 27549,
		"infractions_speed": 57,
		"infractions_red_light": 0
	},
	{
		"id": 133,
		"year": 2010,
		"month": 201001,
		"date": "8/01/2010 0:00",
		"street": "NOORDERSINGEL",
		"driving_direction": "noord",
		"speed_limit": 70,
		"passersby": 14158,
		"infractions_speed": 21,
		"infractions_red_light": 0
	},
	{
		"id": 136,
		"year": 2010,
		"month": 201001,
		"date": "8/01/2010 0:00",
		"street": "BISSCHOPPENHOFLAAN",
		"driving_direction": "stadin",
		"speed_limit": 70,
		"passersby": 12302,
		"infractions_speed": 4,
		"infractions_red_light": 0
	},
	{
		"id": 139,
		"year": 2010,
		"month": 201001,
		"date": "8/01/2010 0:00",
		"street": "BINNENSINGEL",
		"driving_direction": "zuid",
		"speed_limit": 70,
		"passersby": 24070,
		"infractions_speed": 45,
		"infractions_red_light": 0
	},
	{
		"id": 142,
		"year": 2010,
		"month": 201001,
		"date": "9/01/2010 0:00",
		"street": "BINNENSINGEL",
		"driving_direction": "noord",
		"speed_limit": 70,
		"passersby": 14697,
		"infractions_speed": 26,
		"infractions_red_light": 0
	},
	{
		"id": 145,
		"year": 2010,
		"month": 201001,
		"date": "9/01/2010 0:00",
		"street": "BINNENSINGEL",
		"driving_direction": "zuid",
		"speed_limit": 70,
		"passersby": 12438,
		"infractions_speed": 22,
		"infractions_red_light": 0
	},
	{
		"id": 148,
		"year": 2010,
		"month": 201001,
		"date": "9/01/2010 0:00",
		"street": "BREDABAAN",
		"driving_direction": "stadin",
		"speed_limit": 70,
		"passersby": 7367,
		"infractions_speed": 0,
		"infractions_red_light": 0
	},
	{
		"id": 151,
		"year": 2010,
		"month": 201001,
		"date": "9/01/2010 0:00",
		"street": "NOORDERSINGEL",
		"driving_direction": "noord",
		"speed_limit": 70,
		"passersby": 8035,
		"infractions_speed": 10,
		"infractions_red_light": 0
	},
	{
		"id": 154,
		"year": 2010,
		"month": 201001,
		"date": "9/01/2010 0:00",
		"street": "GASTHUISTUNNEL",
		"driving_direction": "staduit",
		"speed_limit": 30,
		"passersby": 1679,
		"infractions_speed": 54,
		"infractions_red_light": 0
	},
	{
		"id": 157,
		"year": 2010,
		"month": 201001,
		"date": "9/01/2010 0:00",
		"street": "BISSCHOPPENHOFLAAN",
		"driving_direction": "stadin",
		"speed_limit": 70,
		"passersby": 7348,
		"infractions_speed": 4,
		"infractions_red_light": 0
	},
	{
		"id": 160,
		"year": 2010,
		"month": 201001,
		"date": "10/01/2010 0:00",
		"street": "BREDABAAN",
		"driving_direction": "stadin",
		"speed_limit": 70,
		"passersby": 4964,
		"infractions_speed": 0,
		"infractions_red_light": 1
	},
	{
		"id": 163,
		"year": 2010,
		"month": 201001,
		"date": "10/01/2010 0:00",
		"street": "BINNENSINGEL",
		"driving_direction": "zuid",
		"speed_limit": 70,
		"passersby": 11193,
		"infractions_speed": 32,
		"infractions_red_light": 0
	},
	{
		"id": 166,
		"year": 2010,
		"month": 201001,
		"date": "10/01/2010 0:00",
		"street": "BINNENSINGEL",
		"driving_direction": "noord",
		"speed_limit": 70,
		"passersby": 12826,
		"infractions_speed": 31,
		"infractions_red_light": 0
	},
	{
		"id": 169,
		"year": 2010,
		"month": 201001,
		"date": "10/01/2010 0:00",
		"street": "NOORDERSINGEL",
		"driving_direction": "noord",
		"speed_limit": 70,
		"passersby": 6850,
		"infractions_speed": 10,
		"infractions_red_light": 0
	},
	{
		"id": 172,
		"year": 2010,
		"month": 201001,
		"date": "10/01/2010 0:00",
		"street": "GASTHUISTUNNEL",
		"driving_direction": "staduit",
		"speed_limit": 30,
		"passersby": 1064,
		"infractions_speed": 27,
		"infractions_red_light": 0
	},
	{
		"id": 175,
		"year": 2010,
		"month": 201001,
		"date": "10/01/2010 0:00",
		"street": "BISSCHOPPENHOFLAAN",
		"driving_direction": "stadin",
		"speed_limit": 70,
		"passersby": 3880,
		"infractions_speed": 4,
		"infractions_red_light": 0
	},
	{
		"id": 178,
		"year": 2010,
		"month": 201001,
		"date": "11/01/2010 0:00",
		"street": "BISSCHOPPENHOFLAAN",
		"driving_direction": "stadin",
		"speed_limit": 70,
		"passersby": 4855,
		"infractions_speed": 1,
		"infractions_red_light": 0
	},
	{
		"id": 181,
		"year": 2010,
		"month": 201001,
		"date": "11/01/2010 0:00",
		"street": "BINNENSINGEL",
		"driving_direction": "noord",
		"speed_limit": 70,
		"passersby": 7115,
		"infractions_speed": 4,
		"infractions_red_light": 0
	},
	{
		"id": 184,
		"year": 2010,
		"month": 201001,
		"date": "11/01/2010 0:00",
		"street": "NOORDERSINGEL",
		"driving_direction": "noord",
		"speed_limit": 70,
		"passersby": 2817,
		"infractions_speed": 2,
		"infractions_red_light": 0
	},
	{
		"id": 187,
		"year": 2010,
		"month": 201001,
		"date": "11/01/2010 0:00",
		"street": "BINNENSINGEL",
		"driving_direction": "zuid",
		"speed_limit": 70,
		"passersby": 6746,
		"infractions_speed": 6,
		"infractions_red_light": 0
	},
	{
		"id": 190,
		"year": 2010,
		"month": 201001,
		"date": "11/01/2010 0:00",
		"street": "GASTHUISTUNNEL",
		"driving_direction": "staduit",
		"speed_limit": 30,
		"passersby": 1883,
		"infractions_speed": 48,
		"infractions_red_light": 0
	},
	{
		"id": 193,
		"year": 2010,
		"month": 201001,
		"date": "11/01/2010 0:00",
		"street": "BREDABAAN",
		"driving_direction": "stadin",
		"speed_limit": 70,
		"passersby": 10241,
		"infractions_speed": 0,
		"infractions_red_light": 1
	},
	{
		"id": 196,
		"year": 2010,
		"month": 201001,
		"date": "11/01/2010 0:00",
		"street": "BISSCHOPPENHOFLAAN",
		"driving_direction": "stadin",
		"speed_limit": 50,
		"passersby": 10814,
		"infractions_speed": 1,
		"infractions_red_light": 0
	},
	{
		"id": 199,
		"year": 2010,
		"month": 201001,
		"date": "12/01/2010 0:00",
		"street": "BINNENSINGEL",
		"driving_direction": "noord",
		"speed_limit": 70,
		"passersby": 27182,
		"infractions_speed": 51,
		"infractions_red_light": 0
	},
	{
		"id": 202,
		"year": 2010,
		"month": 201001,
		"date": "12/01/2010 0:00",
		"street": "GASTHUISTUNNEL",
		"driving_direction": "staduit",
		"speed_limit": 30,
		"passersby": 1903,
		"infractions_speed": 44,
		"infractions_red_light": 0
	},
	{
		"id": 205,
		"year": 2010,
		"month": 201001,
		"date": "12/01/2010 0:00",
		"street": "KRIJGSBAAN",
		"driving_direction": "stadin",
		"speed_limit": 50,
		"passersby": 16121,
		"infractions_speed": 2,
		"infractions_red_light": 0
	},
	{
		"id": 208,
		"year": 2010,
		"month": 201001,
		"date": "12/01/2010 0:00",
		"street": "BINNENSINGEL",
		"driving_direction": "zuid",
		"speed_limit": 70,
		"passersby": 24412,
		"infractions_speed": 48,
		"infractions_red_light": 0
	},
	{
		"id": 211,
		"year": 2010,
		"month": 201001,
		"date": "12/01/2010 0:00",
		"street": "BISSCHOPPENHOFLAAN",
		"driving_direction": "stadin",
		"speed_limit": 70,
		"passersby": 13884,
		"infractions_speed": 9,
		"infractions_red_light": 0
	},
	{
		"id": 214,
		"year": 2010,
		"month": 201001,
		"date": "12/01/2010 0:00",
		"street": "BREDABAAN",
		"driving_direction": "stadin",
		"speed_limit": 70,
		"passersby": 10544,
		"infractions_speed": 0,
		"infractions_red_light": 2
	},
	{
		"id": 217,
		"year": 2010,
		"month": 201001,
		"date": "12/01/2010 0:00",
		"street": "NOORDERSINGEL",
		"driving_direction": "noord",
		"speed_limit": 70,
		"passersby": 13849,
		"infractions_speed": 12,
		"infractions_red_light": 0
	},
	{
		"id": 220,
		"year": 2010,
		"month": 201001,
		"date": "13/01/2010 0:00",
		"street": "BINNENSINGEL",
		"driving_direction": "noord",
		"speed_limit": 70,
		"passersby": 26759,
		"infractions_speed": 67,
		"infractions_red_light": 0
	},
	{
		"id": 223,
		"year": 2010,
		"month": 201001,
		"date": "13/01/2010 0:00",
		"street": "GASTHUISTUNNEL",
		"driving_direction": "staduit",
		"speed_limit": 30,
		"passersby": 244,
		"infractions_speed": 6,
		"infractions_red_light": 0
	},
	{
		"id": 226,
		"year": 2010,
		"month": 201001,
		"date": "13/01/2010 0:00",
		"street": "KRIJGSBAAN",
		"driving_direction": "zuid",
		"speed_limit": 70,
		"passersby": 23348,
		"infractions_speed": 48,
		"infractions_red_light": 0
	},
	{
		"id": 229,
		"year": 2010,
		"month": 201001,
		"date": "13/01/2010 0:00",
		"street": "BISSCHOPPENHOFLAAN",
		"driving_direction": "stadin",
		"speed_limit": 50,
		"passersby": 15427,
		"infractions_speed": 1,
		"infractions_red_light": 0
	},
	{
		"id": 232,
		"year": 2010,
		"month": 201001,
		"date": "13/01/2010 0:00",
		"street": "NOORDERSINGEL",
		"driving_direction": "noord",
		"speed_limit": 70,
		"passersby": 13588,
		"infractions_speed": 24,
		"infractions_red_light": 0
	},
	{
		"id": 235,
		"year": 2010,
		"month": 201001,
		"date": "13/01/2010 0:00",
		"street": "BISSCHOPPENHOFLAAN",
		"driving_direction": "stadin",
		"speed_limit": 70,
		"passersby": 13112,
		"infractions_speed": 7,
		"infractions_red_light": 0
	},
	{
		"id": 238,
		"year": 2010,
		"month": 201001,
		"date": "13/01/2010 0:00",
		"street": "BREDABAAN",
		"driving_direction": "stadin",
		"speed_limit": 70,
		"passersby": 10330,
		"infractions_speed": 0,
		"infractions_red_light": 1
	},
	{
		"id": 241,
		"year": 2010,
		"month": 201001,
		"date": "14/01/2010 0:00",
		"street": "BREDABAAN",
		"driving_direction": "stadin",
		"speed_limit": 70,
		"passersby": 10979,
		"infractions_speed": 0,
		"infractions_red_light": 2
	},
	{
		"id": 244,
		"year": 2010,
		"month": 201001,
		"date": "14/01/2010 0:00",
		"street": "NOORDERSINGEL",
		"driving_direction": "noord",
		"speed_limit": 70,
		"passersby": 14565,
		"infractions_speed": 27,
		"infractions_red_light": 0
	},
	{
		"id": 247,
		"year": 2010,
		"month": 201001,
		"date": "14/01/2010 0:00",
		"street": "BINNENSINGEL",
		"driving_direction": "zuid",
		"speed_limit": 70,
		"passersby": 26545,
		"infractions_speed": 83,
		"infractions_red_light": 0
	},
	{
		"id": 250,
		"year": 2010,
		"month": 201001,
		"date": "14/01/2010 0:00",
		"street": "BISSCHOPPENHOFLAAN",
		"driving_direction": "stadin",
		"speed_limit": 70,
		"passersby": 10795,
		"infractions_speed": 5,
		"infractions_red_light": 0
	},
	{
		"id": 253,
		"year": 2010,
		"month": 201001,
		"date": "14/01/2010 0:00",
		"street": "BINNENSINGEL",
		"driving_direction": "noord",
		"speed_limit": 70,
		"passersby": 29212,
		"infractions_speed": 74,
		"infractions_red_light": 0
	},
	{
		"id": 256,
		"year": 2010,
		"month": 201001,
		"date": "14/01/2010 0:00",
		"street": "BISSCHOPPENHOFLAAN",
		"driving_direction": "stadin",
		"speed_limit": 50,
		"passersby": 16271,
		"infractions_speed": 0,
		"infractions_red_light": 0
	},
	{
		"id": 259,
		"year": 2010,
		"month": 201001,
		"date": "14/01/2010 0:00",
		"street": "GASTHUISTUNNEL",
		"driving_direction": "staduit",
		"speed_limit": 30,
		"passersby": 2062,
		"infractions_speed": 59,
		"infractions_red_light": 0
	},
	{
		"id": 262,
		"year": 2010,
		"month": 201001,
		"date": "15/01/2010 0:00",
		"street": "BINNENSINGEL",
		"driving_direction": "noord",
		"speed_limit": 70,
		"passersby": 29570,
		"infractions_speed": 88,
		"infractions_red_light": 0
	},
	{
		"id": 265,
		"year": 2010,
		"month": 201001,
		"date": "15/01/2010 0:00",
		"street": "BINNENSINGEL",
		"driving_direction": "zuid",
		"speed_limit": 70,
		"passersby": 26063,
		"infractions_speed": 73,
		"infractions_red_light": 0
	},
	{
		"id": 268,
		"year": 2010,
		"month": 201001,
		"date": "15/01/2010 0:00",
		"street": "GASTHUISTUNNEL",
		"driving_direction": "staduit",
		"speed_limit": 30,
		"passersby": 518,
		"infractions_speed": 10,
		"infractions_red_light": 0
	},
	{
		"id": 271,
		"year": 2010,
		"month": 201001,
		"date": "15/01/2010 0:00",
		"street": "BISSCHOPPENHOFLAAN",
		"driving_direction": "stadin",
		"speed_limit": 50,
		"passersby": 16848,
		"infractions_speed": 3,
		"infractions_red_light": 0
	},
	{
		"id": 274,
		"year": 2010,
		"month": 201001,
		"date": "15/01/2010 0:00",
		"street": "BISSCHOPPENHOFLAAN",
		"driving_direction": "stadin",
		"speed_limit": 70,
		"passersby": 14399,
		"infractions_speed": 6,
		"infractions_red_light": 0
	},
	{
		"id": 277,
		"year": 2010,
		"month": 201001,
		"date": "15/01/2010 0:00",
		"street": "BREDABAAN",
		"driving_direction": "stadin",
		"speed_limit": 70,
		"passersby": 3531,
		"infractions_speed": 0,
		"infractions_red_light": 1
	},
	{
		"id": 280,
		"year": 2010,
		"month": 201001,
		"date": "15/01/2010 0:00",
		"street": "NOORDERSINGEL",
		"driving_direction": "noord",
		"speed_limit": 70,
		"passersby": 14847,
		"infractions_speed": 27,
		"infractions_red_light": 0
	},
	{
		"id": 283,
		"year": 2010,
		"month": 201001,
		"date": "16/01/2010 0:00",
		"street": "BREDABAAN",
		"driving_direction": "stadin",
		"speed_limit": 70,
		"passersby": 9779,
		"infractions_speed": 0,
		"infractions_red_light": 3
	},
	{
		"id": 286,
		"year": 2010,
		"month": 201001,
		"date": "16/01/2010 0:00",
		"street": "BINNENSINGEL",
		"driving_direction": "zuid",
		"speed_limit": 70,
		"passersby": 17869,
		"infractions_speed": 85,
		"infractions_red_light": 0
	},
	{
		"id": 289,
		"year": 2010,
		"month": 201001,
		"date": "16/01/2010 0:00",
		"street": "BISSCHOPPENHOFLAAN",
		"driving_direction": "stadin",
		"speed_limit": 50,
		"passersby": 13270,
		"infractions_speed": 1,
		"infractions_red_light": 0
	},
	{
		"id": 292,
		"year": 2010,
		"month": 201001,
		"date": "16/01/2010 0:00",
		"street": "BINNENSINGEL",
		"driving_direction": "noord",
		"speed_limit": 70,
		"passersby": 21053,
		"infractions_speed": 78,
		"infractions_red_light": 0
	},
	{
		"id": 295,
		"year": 2010,
		"month": 201001,
		"date": "16/01/2010 0:00",
		"street": "GASTHUISTUNNEL",
		"driving_direction": "staduit",
		"speed_limit": 30,
		"passersby": 1978,
		"infractions_speed": 61,
		"infractions_red_light": 0
	},
	{
		"id": 298,
		"year": 2010,
		"month": 201001,
		"date": "16/01/2010 0:00",
		"street": "NOORDERSINGEL",
		"driving_direction": "noord",
		"speed_limit": 70,
		"passersby": 10883,
		"infractions_speed": 32,
		"infractions_red_light": 0
	},
	{
		"id": 301,
		"year": 2010,
		"month": 201001,
		"date": "16/01/2010 0:00",
		"street": "BISSCHOPPENHOFLAAN",
		"driving_direction": "stadin",
		"speed_limit": 70,
		"passersby": 10564,
		"infractions_speed": 19,
		"infractions_red_light": 0
	},
	{
		"id": 304,
		"year": 2010,
		"month": 201001,
		"date": "17/01/2010 0:00",
		"street": "BINNENSINGEL",
		"driving_direction": "zuid",
		"speed_limit": 70,
		"passersby": 14448,
		"infractions_speed": 69,
		"infractions_red_light": 0
	},
	{
		"id": 307,
		"year": 2010,
		"month": 201001,
		"date": "17/01/2010 0:00",
		"street": "BREDABAAN",
		"driving_direction": "stadin",
		"speed_limit": 70,
		"passersby": 6275,
		"infractions_speed": 1,
		"infractions_red_light": 0
	},
	{
		"id": 310,
		"year": 2010,
		"month": 201001,
		"date": "17/01/2010 0:00",
		"street": "GASTHUISTUNNEL",
		"driving_direction": "staduit",
		"speed_limit": 30,
		"passersby": 1209,
		"infractions_speed": 28,
		"infractions_red_light": 0
	},
	{
		"id": 313,
		"year": 2010,
		"month": 201001,
		"date": "17/01/2010 0:00",
		"street": "BINNENSINGEL",
		"driving_direction": "noord",
		"speed_limit": 70,
		"passersby": 17291,
		"infractions_speed": 91,
		"infractions_red_light": 0
	},
	{
		"id": 316,
		"year": 2010,
		"month": 201001,
		"date": "17/01/2010 0:00",
		"street": "NOORDERSINGEL",
		"driving_direction": "noord",
		"speed_limit": 70,
		"passersby": 9182,
		"infractions_speed": 41,
		"infractions_red_light": 0
	},
	{
		"id": 319,
		"year": 2010,
		"month": 201001,
		"date": "17/01/2010 0:00",
		"street": "BISSCHOPPENHOFLAAN",
		"driving_direction": "stadin",
		"speed_limit": 70,
		"passersby": 4869,
		"infractions_speed": 6,
		"infractions_red_light": 0
	},
	{
		"id": 322,
		"year": 2010,
		"month": 201001,
		"date": "17/01/2010 0:00",
		"street": "BISSCHOPPENHOFLAAN",
		"driving_direction": "stadin",
		"speed_limit": 50,
		"passersby": 8856,
		"infractions_speed": 10,
		"infractions_red_light": 0
	},
	{
		"id": 325,
		"year": 2010,
		"month": 201001,
		"date": "18/01/2010 0:00",
		"street": "BINNENSINGEL",
		"driving_direction": "noord",
		"speed_limit": 70,
		"passersby": 18896,
		"infractions_speed": 50,
		"infractions_red_light": 0
	},
	{
		"id": 328,
		"year": 2010,
		"month": 201001,
		"date": "18/01/2010 0:00",
		"street": "NOORDERSINGEL",
		"driving_direction": "noord",
		"speed_limit": 70,
		"passersby": 2988,
		"infractions_speed": 12,
		"infractions_red_light": 0
	},
	{
		"id": 331,
		"year": 2010,
		"month": 201001,
		"date": "18/01/2010 0:00",
		"street": "BINNENSINGEL",
		"driving_direction": "zuid",
		"speed_limit": 70,
		"passersby": 15278,
		"infractions_speed": 44,
		"infractions_red_light": 0
	},
	{
		"id": 334,
		"year": 2010,
		"month": 201001,
		"date": "18/01/2010 0:00",
		"street": "BREDABAAN",
		"driving_direction": "stadin",
		"speed_limit": 70,
		"passersby": 10874,
		"infractions_speed": 0,
		"infractions_red_light": 1
	},
	{
		"id": 337,
		"year": 2010,
		"month": 201001,
		"date": "18/01/2010 0:00",
		"street": "GASTHUISTUNNEL",
		"driving_direction": "staduit",
		"speed_limit": 30,
		"passersby": 733,
		"infractions_speed": 15,
		"infractions_red_light": 0
	},
	{
		"id": 340,
		"year": 2010,
		"month": 201001,
		"date": "18/01/2010 0:00",
		"street": "BISSCHOPPENHOFLAAN",
		"driving_direction": "stadin",
		"speed_limit": 70,
		"passersby": 13362,
		"infractions_speed": 12,
		"infractions_red_light": 0
	},
	{
		"id": 343,
		"year": 2010,
		"month": 201001,
		"date": "18/01/2010 0:00",
		"street": "BISSCHOPPENHOFLAAN",
		"driving_direction": "stadin",
		"speed_limit": 50,
		"passersby": 4874,
		"infractions_speed": 0,
		"infractions_red_light": 0
	},
	{
		"id": 346,
		"year": 2010,
		"month": 201001,
		"date": "19/01/2010 0:00",
		"street": "BINNENSINGEL",
		"driving_direction": "noord",
		"speed_limit": 70,
		"passersby": 29129,
		"infractions_speed": 62,
		"infractions_red_light": 0
	},
	{
		"id": 349,
		"year": 2010,
		"month": 201001,
		"date": "19/01/2010 0:00",
		"street": "BISSCHOPPENHOFLAAN",
		"driving_direction": "stadin",
		"speed_limit": 70,
		"passersby": 13458,
		"infractions_speed": 1,
		"infractions_red_light": 0
	},
	{
		"id": 352,
		"year": 2010,
		"month": 201001,
		"date": "19/01/2010 0:00",
		"street": "NOORDERSINGEL",
		"driving_direction": "noord",
		"speed_limit": 70,
		"passersby": 14575,
		"infractions_speed": 26,
		"infractions_red_light": 0
	},
	{
		"id": 355,
		"year": 2010,
		"month": 201001,
		"date": "19/01/2010 0:00",
		"street": "BISSCHOPPENHOFLAAN",
		"driving_direction": "stadin",
		"speed_limit": 50,
		"passersby": 15877,
		"infractions_speed": 2,
		"infractions_red_light": 0
	},
	{
		"id": 358,
		"year": 2010,
		"month": 201001,
		"date": "19/01/2010 0:00",
		"street": "GASTHUISTUNNEL",
		"driving_direction": "staduit",
		"speed_limit": 30,
		"passersby": 2096,
		"infractions_speed": 45,
		"infractions_red_light": 0
	},
	{
		"id": 361,
		"year": 2010,
		"month": 201001,
		"date": "19/01/2010 0:00",
		"street": "BREDABAAN",
		"driving_direction": "stadin",
		"speed_limit": 70,
		"passersby": 10817,
		"infractions_speed": 1,
		"infractions_red_light": 3
	},
	{
		"id": 364,
		"year": 2010,
		"month": 201001,
		"date": "19/01/2010 0:00",
		"street": "BINNENSINGEL",
		"driving_direction": "zuid",
		"speed_limit": 70,
		"passersby": 26228,
		"infractions_speed": 75,
		"infractions_red_light": 0
	},
	{
		"id": 367,
		"year": 2010,
		"month": 201001,
		"date": "20/01/2010 0:00",
		"street": "BREDABAAN",
		"driving_direction": "stadin",
		"speed_limit": 70,
		"passersby": 11142,
		"infractions_speed": 1,
		"infractions_red_light": 1
	},
	{
		"id": 370,
		"year": 2010,
		"month": 201001,
		"date": "20/01/2010 0:00",
		"street": "BINNENSINGEL",
		"driving_direction": "noord",
		"speed_limit": 70,
		"passersby": 28585,
		"infractions_speed": 62,
		"infractions_red_light": 0
	},
	{
		"id": 373,
		"year": 2010,
		"month": 201001,
		"date": "20/01/2010 0:00",
		"street": "NOORDERSINGEL",
		"driving_direction": "noord",
		"speed_limit": 70,
		"passersby": 14576,
		"infractions_speed": 34,
		"infractions_red_light": 0
	},
	{
		"id": 376,
		"year": 2010,
		"month": 201001,
		"date": "20/01/2010 0:00",
		"street": "GASTHUISTUNNEL",
		"driving_direction": "staduit",
		"speed_limit": 30,
		"passersby": 1986,
		"infractions_speed": 43,
		"infractions_red_light": 0
	},
	{
		"id": 379,
		"year": 2010,
		"month": 201001,
		"date": "20/01/2010 0:00",
		"street": "BISSCHOPPENHOFLAAN",
		"driving_direction": "stadin",
		"speed_limit": 70,
		"passersby": 13755,
		"infractions_speed": 6,
		"infractions_red_light": 0
	},
	{
		"id": 382,
		"year": 2010,
		"month": 201001,
		"date": "20/01/2010 0:00",
		"street": "BINNENSINGEL",
		"driving_direction": "zuid",
		"speed_limit": 70,
		"passersby": 26114,
		"infractions_speed": 75,
		"infractions_red_light": 0
	},
	{
		"id": 385,
		"year": 2010,
		"month": 201001,
		"date": "20/01/2010 0:00",
		"street": "BISSCHOPPENHOFLAAN",
		"driving_direction": "stadin",
		"speed_limit": 50,
		"passersby": 16093,
		"infractions_speed": 1,
		"infractions_red_light": 0
	},
	{
		"id": 388,
		"year": 2010,
		"month": 201001,
		"date": "21/01/2010 0:00",
		"street": "NOORDERSINGEL",
		"driving_direction": "noord",
		"speed_limit": 70,
		"passersby": 14956,
		"infractions_speed": 35,
		"infractions_red_light": 0
	},
	{
		"id": 391,
		"year": 2010,
		"month": 201001,
		"date": "21/01/2010 0:00",
		"street": "GASTHUISTUNNEL",
		"driving_direction": "staduit",
		"speed_limit": 30,
		"passersby": 2153,
		"infractions_speed": 50,
		"infractions_red_light": 0
	},
	{
		"id": 394,
		"year": 2010,
		"month": 201001,
		"date": "21/01/2010 0:00",
		"street": "BISSCHOPPENHOFLAAN",
		"driving_direction": "stadin",
		"speed_limit": 70,
		"passersby": 14630,
		"infractions_speed": 5,
		"infractions_red_light": 0
	},
	{
		"id": 397,
		"year": 2010,
		"month": 201001,
		"date": "21/01/2010 0:00",
		"street": "BREDABAAN",
		"driving_direction": "stadin",
		"speed_limit": 70,
		"passersby": 10789,
		"infractions_speed": 0,
		"infractions_red_light": 1
	},
	{
		"id": 400,
		"year": 2010,
		"month": 201001,
		"date": "21/01/2010 0:00",
		"street": "BINNENSINGEL",
		"driving_direction": "zuid",
		"speed_limit": 70,
		"passersby": 26130,
		"infractions_speed": 78,
		"infractions_red_light": 0
	},
	{
		"id": 403,
		"year": 2010,
		"month": 201001,
		"date": "21/01/2010 0:00",
		"street": "KRIJGSBAAN",
		"driving_direction": "noord",
		"speed_limit": 70,
		"passersby": 29456,
		"infractions_speed": 72,
		"infractions_red_light": 0
	},
	{
		"id": 406,
		"year": 2010,
		"month": 201001,
		"date": "21/01/2010 0:00",
		"street": "BISSCHOPPENHOFLAAN",
		"driving_direction": "stadin",
		"speed_limit": 50,
		"passersby": 16395,
		"infractions_speed": 1,
		"infractions_red_light": 0
	},
	{
		"id": 409,
		"year": 2010,
		"month": 201001,
		"date": "22/01/2010 0:00",
		"street": "BISSCHOPPENHOFLAAN",
		"driving_direction": "stadin",
		"speed_limit": 70,
		"passersby": 15122,
		"infractions_speed": 7,
		"infractions_red_light": 0
	},
	{
		"id": 412,
		"year": 2010,
		"month": 201001,
		"date": "22/01/2010 0:00",
		"street": "BREDABAAN",
		"driving_direction": "stadin",
		"speed_limit": 70,
		"passersby": 11228,
		"infractions_speed": 0,
		"infractions_red_light": 0
	},
	{
		"id": 415,
		"year": 2010,
		"month": 201001,
		"date": "22/01/2010 0:00",
		"street": "NOORDERSINGEL",
		"driving_direction": "noord",
		"speed_limit": 70,
		"passersby": 15237,
		"infractions_speed": 45,
		"infractions_red_light": 0
	},
	{
		"id": 418,
		"year": 2010,
		"month": 201001,
		"date": "22/01/2010 0:00",
		"street": "BINNENSINGEL",
		"driving_direction": "zuid",
		"speed_limit": 70,
		"passersby": 26578,
		"infractions_speed": 90,
		"infractions_red_light": 0
	},
	{
		"id": 421,
		"year": 2010,
		"month": 201001,
		"date": "22/01/2010 0:00",
		"street": "BINNENSINGEL",
		"driving_direction": "noord",
		"speed_limit": 70,
		"passersby": 29579,
		"infractions_speed": 92,
		"infractions_red_light": 0
	},
	{
		"id": 424,
		"year": 2010,
		"month": 201001,
		"date": "22/01/2010 0:00",
		"street": "GASTHUISTUNNEL",
		"driving_direction": "staduit",
		"speed_limit": 30,
		"passersby": 2181,
		"infractions_speed": 62,
		"infractions_red_light": 0
	},
	{
		"id": 427,
		"year": 2010,
		"month": 201001,
		"date": "22/01/2010 0:00",
		"street": "BISSCHOPPENHOFLAAN",
		"driving_direction": "stadin",
		"speed_limit": 50,
		"passersby": 17469,
		"infractions_speed": 3,
		"infractions_red_light": 0
	},
	{
		"id": 430,
		"year": 2010,
		"month": 201001,
		"date": "23/01/2010 0:00",
		"street": "BISSCHOPPENHOFLAAN",
		"driving_direction": "stadin",
		"speed_limit": 50,
		"passersby": 13461,
		"infractions_speed": 2,
		"infractions_red_light": 0
	},
	{
		"id": 433,
		"year": 2010,
		"month": 201001,
		"date": "23/01/2010 0:00",
		"street": "BISSCHOPPENHOFLAAN",
		"driving_direction": "stadin",
		"speed_limit": 70,
		"passersby": 10547,
		"infractions_speed": 9,
		"infractions_red_light": 0
	},
	{
		"id": 436,
		"year": 2010,
		"month": 201001,
		"date": "23/01/2010 0:00",
		"street": "GASTHUISTUNNEL",
		"driving_direction": "staduit",
		"speed_limit": 30,
		"passersby": 1884,
		"infractions_speed": 60,
		"infractions_red_light": 0
	},
	{
		"id": 439,
		"year": 2010,
		"month": 201001,
		"date": "23/01/2010 0:00",
		"street": "BINNENSINGEL",
		"driving_direction": "zuid",
		"speed_limit": 70,
		"passersby": 19195,
		"infractions_speed": 94,
		"infractions_red_light": 0
	},
	{
		"id": 442,
		"year": 2010,
		"month": 201001,
		"date": "23/01/2010 0:00",
		"street": "BREDABAAN",
		"driving_direction": "stadin",
		"speed_limit": 70,
		"passersby": 10090,
		"infractions_speed": 0,
		"infractions_red_light": 0
	},
	{
		"id": 445,
		"year": 2010,
		"month": 201001,
		"date": "23/01/2010 0:00",
		"street": "BINNENSINGEL",
		"driving_direction": "noord",
		"speed_limit": 70,
		"passersby": 23494,
		"infractions_speed": 102,
		"infractions_red_light": 0
	},
	{
		"id": 448,
		"year": 2010,
		"month": 201001,
		"date": "23/01/2010 0:00",
		"street": "NOORDERSINGEL",
		"driving_direction": "noord",
		"speed_limit": 70,
		"passersby": 12310,
		"infractions_speed": 42,
		"infractions_red_light": 0
	},
	{
		"id": 451,
		"year": 2010,
		"month": 201001,
		"date": "24/01/2010 0:00",
		"street": "GASTHUISTUNNEL",
		"driving_direction": "staduit",
		"speed_limit": 30,
		"passersby": 1391,
		"infractions_speed": 30,
		"infractions_red_light": 0
	},
	{
		"id": 454,
		"year": 2010,
		"month": 201001,
		"date": "24/01/2010 0:00",
		"street": "BINNENSINGEL",
		"driving_direction": "zuid",
		"speed_limit": 70,
		"passersby": 14631,
		"infractions_speed": 88,
		"infractions_red_light": 0
	},
	{
		"id": 457,
		"year": 2010,
		"month": 201001,
		"date": "24/01/2010 0:00",
		"street": "BISSCHOPPENHOFLAAN",
		"driving_direction": "stadin",
		"speed_limit": 70,
		"passersby": 4647,
		"infractions_speed": 13,
		"infractions_red_light": 0
	},
	{
		"id": 460,
		"year": 2010,
		"month": 201001,
		"date": "24/01/2010 0:00",
		"street": "BINNENSINGEL",
		"driving_direction": "noord",
		"speed_limit": 70,
		"passersby": 18079,
		"infractions_speed": 113,
		"infractions_red_light": 0
	},
	{
		"id": 463,
		"year": 2010,
		"month": 201001,
		"date": "24/01/2010 0:00",
		"street": "NOORDERSINGEL",
		"driving_direction": "noord",
		"speed_limit": 70,
		"passersby": 9451,
		"infractions_speed": 46,
		"infractions_red_light": 0
	},
	{
		"id": 466,
		"year": 2010,
		"month": 201001,
		"date": "24/01/2010 0:00",
		"street": "BISSCHOPPENHOFLAAN",
		"driving_direction": "stadin",
		"speed_limit": 50,
		"passersby": 8470,
		"infractions_speed": 6,
		"infractions_red_light": 0
	},
	{
		"id": 469,
		"year": 2010,
		"month": 201001,
		"date": "24/01/2010 0:00",
		"street": "BREDABAAN",
		"driving_direction": "stadin",
		"speed_limit": 70,
		"passersby": 6143,
		"infractions_speed": 0,
		"infractions_red_light": 0
	},
	{
		"id": 472,
		"year": 2010,
		"month": 201001,
		"date": "25/01/2010 0:00",
		"street": "GASTHUISTUNNEL",
		"driving_direction": "staduit",
		"speed_limit": 30,
		"passersby": 1957,
		"infractions_speed": 56,
		"infractions_red_light": 0
	},
	{
		"id": 475,
		"year": 2010,
		"month": 201001,
		"date": "25/01/2010 0:00",
		"street": "BISSCHOPPENHOFLAAN",
		"driving_direction": "stadin",
		"speed_limit": 70,
		"passersby": 4169,
		"infractions_speed": 0,
		"infractions_red_light": 0
	},
	{
		"id": 478,
		"year": 2010,
		"month": 201001,
		"date": "25/01/2010 0:00",
		"street": "BREDABAAN",
		"driving_direction": "stadin",
		"speed_limit": 70,
		"passersby": 3085,
		"infractions_speed": 0,
		"infractions_red_light": 1
	},
	{
		"id": 481,
		"year": 2010,
		"month": 201001,
		"date": "25/01/2010 0:00",
		"street": "BINNENSINGEL",
		"driving_direction": "zuid",
		"speed_limit": 70,
		"passersby": 5811,
		"infractions_speed": 7,
		"infractions_red_light": 0
	},
	{
		"id": 484,
		"year": 2010,
		"month": 201001,
		"date": "25/01/2010 0:00",
		"street": "BISSCHOPPENHOFLAAN",
		"driving_direction": "stadin",
		"speed_limit": 50,
		"passersby": 4194,
		"infractions_speed": 0,
		"infractions_red_light": 0
	},
	{
		"id": 487,
		"year": 2010,
		"month": 201001,
		"date": "25/01/2010 0:00",
		"street": "BINNENSINGEL",
		"driving_direction": "noord",
		"speed_limit": 70,
		"passersby": 6456,
		"infractions_speed": 10,
		"infractions_red_light": 0
	},
	{
		"id": 490,
		"year": 2010,
		"month": 201001,
		"date": "25/01/2010 0:00",
		"street": "NOORDERSINGEL",
		"driving_direction": "noord",
		"speed_limit": 70,
		"passersby": 2619,
		"infractions_speed": 9,
		"infractions_red_light": 0
	},
	{
		"id": 493,
		"year": 2010,
		"month": 201001,
		"date": "26/01/2010 0:00",
		"street": "BISSCHOPPENHOFLAAN",
		"driving_direction": "stadin",
		"speed_limit": 70,
		"passersby": 68,
		"infractions_speed": 0,
		"infractions_red_light": 0
	},
	{
		"id": 496,
		"year": 2010,
		"month": 201001,
		"date": "26/01/2010 0:00",
		"street": "BREDABAAN",
		"driving_direction": "stadin",
		"speed_limit": 70,
		"passersby": 11122,
		"infractions_speed": 0,
		"infractions_red_light": 2
	},
	{
		"id": 499,
		"year": 2010,
		"month": 201001,
		"date": "26/01/2010 0:00",
		"street": "BINNENSINGEL",
		"driving_direction": "zuid",
		"speed_limit": 70,
		"passersby": 28886,
		"infractions_speed": 86,
		"infractions_red_light": 0
	},
	{
		"id": 502,
		"year": 2010,
		"month": 201001,
		"date": "26/01/2010 0:00",
		"street": "GASTHUISTUNNEL",
		"driving_direction": "staduit",
		"speed_limit": 30,
		"passersby": 2088,
		"infractions_speed": 42,
		"infractions_red_light": 0
	},
	{
		"id": 505,
		"year": 2010,
		"month": 201001,
		"date": "26/01/2010 0:00",
		"street": "NOORDERSINGEL",
		"driving_direction": "noord",
		"speed_limit": 70,
		"passersby": 14716,
		"infractions_speed": 34,
		"infractions_red_light": 0
	},
	{
		"id": 508,
		"year": 2010,
		"month": 201001,
		"date": "26/01/2010 0:00",
		"street": "BINNENSINGEL",
		"driving_direction": "noord",
		"speed_limit": 70,
		"passersby": 30651,
		"infractions_speed": 70,
		"infractions_red_light": 0
	},
	{
		"id": 511,
		"year": 2010,
		"month": 201001,
		"date": "26/01/2010 0:00",
		"street": "BISSCHOPPENHOFLAAN",
		"driving_direction": "stadin",
		"speed_limit": 50,
		"passersby": 16085,
		"infractions_speed": 1,
		"infractions_red_light": 0
	},
	{
		"id": 514,
		"year": 2010,
		"month": 201001,
		"date": "27/01/2010 0:00",
		"street": "NOORDERSINGEL",
		"driving_direction": "noord",
		"speed_limit": 70,
		"passersby": 14647,
		"infractions_speed": 38,
		"infractions_red_light": 0
	},
	{
		"id": 517,
		"year": 2010,
		"month": 201001,
		"date": "27/01/2010 0:00",
		"street": "BISSCHOPPENHOFLAAN",
		"driving_direction": "stadin",
		"speed_limit": 50,
		"passersby": 16045,
		"infractions_speed": 2,
		"infractions_red_light": 0
	},
	{
		"id": 520,
		"year": 2010,
		"month": 201001,
		"date": "27/01/2010 0:00",
		"street": "BINNENSINGEL",
		"driving_direction": "zuid",
		"speed_limit": 70,
		"passersby": 24624,
		"infractions_speed": 81,
		"infractions_red_light": 0
	},
	{
		"id": 523,
		"year": 2010,
		"month": 201001,
		"date": "27/01/2010 0:00",
		"street": "BREDABAAN",
		"driving_direction": "stadin",
		"speed_limit": 70,
		"passersby": 10856,
		"infractions_speed": 0,
		"infractions_red_light": 0
	},
	{
		"id": 526,
		"year": 2010,
		"month": 201001,
		"date": "27/01/2010 0:00",
		"street": "GASTHUISTUNNEL",
		"driving_direction": "staduit",
		"speed_limit": 30,
		"passersby": 2061,
		"infractions_speed": 49,
		"infractions_red_light": 0
	},
	{
		"id": 529,
		"year": 2010,
		"month": 201001,
		"date": "27/01/2010 0:00",
		"street": "BINNENSINGEL",
		"driving_direction": "noord",
		"speed_limit": 70,
		"passersby": 28481,
		"infractions_speed": 84,
		"infractions_red_light": 0
	},
	{
		"id": 532,
		"year": 2010,
		"month": 201001,
		"date": "28/01/2010 0:00",
		"street": "BINNENSINGEL",
		"driving_direction": "zuid",
		"speed_limit": 70,
		"passersby": 25755,
		"infractions_speed": 56,
		"infractions_red_light": 0
	},
	{
		"id": 535,
		"year": 2010,
		"month": 201001,
		"date": "28/01/2010 0:00",
		"street": "GASTHUISTUNNEL",
		"driving_direction": "staduit",
		"speed_limit": 30,
		"passersby": 2189,
		"infractions_speed": 59,
		"infractions_red_light": 0
	},
	{
		"id": 538,
		"year": 2010,
		"month": 201001,
		"date": "28/01/2010 0:00",
		"street": "NOORDERSINGEL",
		"driving_direction": "noord",
		"speed_limit": 70,
		"passersby": 15709,
		"infractions_speed": 30,
		"infractions_red_light": 0
	},
	{
		"id": 541,
		"year": 2010,
		"month": 201001,
		"date": "28/01/2010 0:00",
		"street": "BISSCHOPPENHOFLAAN",
		"driving_direction": "stadin",
		"speed_limit": 50,
		"passersby": 16381,
		"infractions_speed": 1,
		"infractions_red_light": 0
	},
	{
		"id": 544,
		"year": 2010,
		"month": 201001,
		"date": "28/01/2010 0:00",
		"street": "BREDABAAN",
		"driving_direction": "stadin",
		"speed_limit": 70,
		"passersby": 10726,
		"infractions_speed": 0,
		"infractions_red_light": 2
	},
	{
		"id": 547,
		"year": 2010,
		"month": 201001,
		"date": "28/01/2010 0:00",
		"street": "KRIJGSBAAN",
		"driving_direction": "noord",
		"speed_limit": 70,
		"passersby": 30245,
		"infractions_speed": 65,
		"infractions_red_light": 0
	},
	{
		"id": 550,
		"year": 2010,
		"month": 201001,
		"date": "29/01/2010 0:00",
		"street": "BINNENSINGEL",
		"driving_direction": "noord",
		"speed_limit": 70,
		"passersby": 32920,
		"infractions_speed": 72,
		"infractions_red_light": 0
	},
	{
		"id": 553,
		"year": 2010,
		"month": 201001,
		"date": "29/01/2010 0:00",
		"street": "NOORDERSINGEL",
		"driving_direction": "noord",
		"speed_limit": 70,
		"passersby": 16044,
		"infractions_speed": 16,
		"infractions_red_light": 0
	},
	{
		"id": 556,
		"year": 2010,
		"month": 201001,
		"date": "29/01/2010 0:00",
		"street": "BREDABAAN",
		"driving_direction": "stadin",
		"speed_limit": 70,
		"passersby": 11476,
		"infractions_speed": 0,
		"infractions_red_light": 2
	},
	{
		"id": 559,
		"year": 2010,
		"month": 201001,
		"date": "29/01/2010 0:00",
		"street": "BINNENSINGEL",
		"driving_direction": "zuid",
		"speed_limit": 70,
		"passersby": 30467,
		"infractions_speed": 44,
		"infractions_red_light": 0
	},
	{
		"id": 562,
		"year": 2010,
		"month": 201001,
		"date": "29/01/2010 0:00",
		"street": "BISSCHOPPENHOFLAAN",
		"driving_direction": "stadin",
		"speed_limit": 50,
		"passersby": 16736,
		"infractions_speed": 2,
		"infractions_red_light": 0
	},
	{
		"id": 565,
		"year": 2010,
		"month": 201001,
		"date": "29/01/2010 0:00",
		"street": "GASTHUISTUNNEL",
		"driving_direction": "staduit",
		"speed_limit": 30,
		"passersby": 216,
		"infractions_speed": 8,
		"infractions_red_light": 0
	},
	{
		"id": 568,
		"year": 2010,
		"month": 201001,
		"date": "30/01/2010 0:00",
		"street": "BINNENSINGEL",
		"driving_direction": "zuid",
		"speed_limit": 70,
		"passersby": 17201,
		"infractions_speed": 51,
		"infractions_red_light": 0
	},
	{
		"id": 571,
		"year": 2010,
		"month": 201001,
		"date": "30/01/2010 0:00",
		"street": "BINNENSINGEL",
		"driving_direction": "noord",
		"speed_limit": 70,
		"passersby": 20676,
		"infractions_speed": 48,
		"infractions_red_light": 0
	},
	{
		"id": 574,
		"year": 2010,
		"month": 201001,
		"date": "30/01/2010 0:00",
		"street": "NOORDERSINGEL",
		"driving_direction": "noord",
		"speed_limit": 70,
		"passersby": 10868,
		"infractions_speed": 24,
		"infractions_red_light": 0
	},
	{
		"id": 577,
		"year": 2010,
		"month": 201001,
		"date": "30/01/2010 0:00",
		"street": "BREDABAAN",
		"driving_direction": "stadin",
		"speed_limit": 70,
		"passersby": 9781,
		"infractions_speed": 0,
		"infractions_red_light": 4
	},
	{
		"id": 580,
		"year": 2010,
		"month": 201001,
		"date": "30/01/2010 0:00",
		"street": "GASTHUISTUNNEL",
		"driving_direction": "staduit",
		"speed_limit": 30,
		"passersby": 1939,
		"infractions_speed": 39,
		"infractions_red_light": 0
	},
	{
		"id": 583,
		"year": 2010,
		"month": 201001,
		"date": "30/01/2010 0:00",
		"street": "BISSCHOPPENHOFLAAN",
		"driving_direction": "stadin",
		"speed_limit": 50,
		"passersby": 12691,
		"infractions_speed": 2,
		"infractions_red_light": 0
	},
	{
		"id": 586,
		"year": 2010,
		"month": 201001,
		"date": "31/01/2010 0:00",
		"street": "GASTHUISTUNNEL",
		"driving_direction": "staduit",
		"speed_limit": 30,
		"passersby": 1295,
		"infractions_speed": 32,
		"infractions_red_light": 0
	},
	{
		"id": 589,
		"year": 2010,
		"month": 201001,
		"date": "31/01/2010 0:00",
		"street": "BREDABAAN",
		"driving_direction": "stadin",
		"speed_limit": 70,
		"passersby": 6244,
		"infractions_speed": 0,
		"infractions_red_light": 1
	},
	{
		"id": 592,
		"year": 2010,
		"month": 201001,
		"date": "31/01/2010 0:00",
		"street": "BINNENSINGEL",
		"driving_direction": "zuid",
		"speed_limit": 70,
		"passersby": 14442,
		"infractions_speed": 61,
		"infractions_red_light": 0
	},
	{
		"id": 595,
		"year": 2010,
		"month": 201001,
		"date": "31/01/2010 0:00",
		"street": "BINNENSINGEL",
		"driving_direction": "noord",
		"speed_limit": 70,
		"passersby": 16597,
		"infractions_speed": 95,
		"infractions_red_light": 0
	},
	{
		"id": 598,
		"year": 2010,
		"month": 201001,
		"date": "31/01/2010 0:00",
		"street": "NOORDERSINGEL",
		"driving_direction": "noord",
		"speed_limit": 70,
		"passersby": 8929,
		"infractions_speed": 38,
		"infractions_red_light": 0
	},
	{
		"id": 601,
		"year": 2010,
		"month": 201001,
		"date": "31/01/2010 0:00",
		"street": "BISSCHOPPENHOFLAAN",
		"driving_direction": "stadin",
		"speed_limit": 50,
		"passersby": 8517,
		"infractions_speed": 5,
		"infractions_red_light": 0
	},
	{
		"id": 604,
		"year": 2010,
		"month": 201002,
		"date": "1/02/2010 0:00",
		"street": "NOORDERSINGEL",
		"driving_direction": "noord",
		"speed_limit": 70,
		"passersby": 11858,
		"infractions_speed": 14,
		"infractions_red_light": 0
	},
	{
		"id": 607,
		"year": 2010,
		"month": 201002,
		"date": "1/02/2010 0:00",
		"street": "BINNENSINGEL",
		"driving_direction": "zuid",
		"speed_limit": 70,
		"passersby": 23950,
		"infractions_speed": 56,
		"infractions_red_light": 0
	},
	{
		"id": 610,
		"year": 2010,
		"month": 201002,
		"date": "1/02/2010 0:00",
		"street": "GASTHUISTUNNEL",
		"driving_direction": "staduit",
		"speed_limit": 30,
		"passersby": 139,
		"infractions_speed": 2,
		"infractions_red_light": 0
	},
	{
		"id": 613,
		"year": 2010,
		"month": 201002,
		"date": "1/02/2010 0:00",
		"street": "BISSCHOPPENHOFLAAN",
		"driving_direction": "stadin",
		"speed_limit": 50,
		"passersby": 15474,
		"infractions_speed": 1,
		"infractions_red_light": 0
	},
	{
		"id": 616,
		"year": 2010,
		"month": 201002,
		"date": "1/02/2010 0:00",
		"street": "BREDABAAN",
		"driving_direction": "stadin",
		"speed_limit": 70,
		"passersby": 10162,
		"infractions_speed": 0,
		"infractions_red_light": 0
	},
	{
		"id": 619,
		"year": 2010,
		"month": 201002,
		"date": "1/02/2010 0:00",
		"street": "BISSCHOPPENHOFLAAN",
		"driving_direction": "stadin",
		"speed_limit": 70,
		"passersby": 8267,
		"infractions_speed": 5,
		"infractions_red_light": 0
	},
	{
		"id": 622,
		"year": 2010,
		"month": 201002,
		"date": "1/02/2010 0:00",
		"street": "BINNENSINGEL",
		"driving_direction": "noord",
		"speed_limit": 70,
		"passersby": 27693,
		"infractions_speed": 58,
		"infractions_red_light": 0
	},
	{
		"id": 625,
		"year": 2010,
		"month": 201002,
		"date": "2/02/2010 0:00",
		"street": "BREDABAAN",
		"driving_direction": "stadin",
		"speed_limit": 70,
		"passersby": 10662,
		"infractions_speed": 0,
		"infractions_red_light": 2
	},
	{
		"id": 628,
		"year": 2010,
		"month": 201002,
		"date": "2/02/2010 0:00",
		"street": "BISSCHOPPENHOFLAAN",
		"driving_direction": "stadin",
		"speed_limit": 50,
		"passersby": 15599,
		"infractions_speed": 1,
		"infractions_red_light": 0
	},
	{
		"id": 631,
		"year": 2010,
		"month": 201002,
		"date": "2/02/2010 0:00",
		"street": "GASTHUISTUNNEL",
		"driving_direction": "staduit",
		"speed_limit": 30,
		"passersby": 1883,
		"infractions_speed": 32,
		"infractions_red_light": 0
	},
	{
		"id": 634,
		"year": 2010,
		"month": 201002,
		"date": "2/02/2010 0:00",
		"street": "NOORDERSINGEL",
		"driving_direction": "noord",
		"speed_limit": 70,
		"passersby": 14666,
		"infractions_speed": 37,
		"infractions_red_light": 0
	},
	{
		"id": 637,
		"year": 2010,
		"month": 201002,
		"date": "2/02/2010 0:00",
		"street": "BISSCHOPPENHOFLAAN",
		"driving_direction": "stadin",
		"speed_limit": 70,
		"passersby": 10324,
		"infractions_speed": 2,
		"infractions_red_light": 0
	},
	{
		"id": 640,
		"year": 2010,
		"month": 201002,
		"date": "2/02/2010 0:00",
		"street": "BINNENSINGEL",
		"driving_direction": "noord",
		"speed_limit": 70,
		"passersby": 29240,
		"infractions_speed": 47,
		"infractions_red_light": 0
	},
	{
		"id": 643,
		"year": 2010,
		"month": 201002,
		"date": "2/02/2010 0:00",
		"street": "BINNENSINGEL",
		"driving_direction": "zuid",
		"speed_limit": 70,
		"passersby": 26443,
		"infractions_speed": 44,
		"infractions_red_light": 0
	},
	{
		"id": 646,
		"year": 2010,
		"month": 201002,
		"date": "3/02/2010 0:00",
		"street": "BINNENSINGEL",
		"driving_direction": "noord",
		"speed_limit": 70,
		"passersby": 28751,
		"infractions_speed": 89,
		"infractions_red_light": 0
	},
	{
		"id": 649,
		"year": 2010,
		"month": 201002,
		"date": "3/02/2010 0:00",
		"street": "GASTHUISTUNNEL",
		"driving_direction": "staduit",
		"speed_limit": 30,
		"passersby": 401,
		"infractions_speed": 5,
		"infractions_red_light": 0
	},
	{
		"id": 652,
		"year": 2010,
		"month": 201002,
		"date": "3/02/2010 0:00",
		"street": "BINNENSINGEL",
		"driving_direction": "zuid",
		"speed_limit": 70,
		"passersby": 25085,
		"infractions_speed": 74,
		"infractions_red_light": 0
	},
	{
		"id": 655,
		"year": 2010,
		"month": 201002,
		"date": "3/02/2010 0:00",
		"street": "BREDABAAN",
		"driving_direction": "stadin",
		"speed_limit": 70,
		"passersby": 10987,
		"infractions_speed": 0,
		"infractions_red_light": 0
	},
	{
		"id": 658,
		"year": 2010,
		"month": 201002,
		"date": "3/02/2010 0:00",
		"street": "NOORDERSINGEL",
		"driving_direction": "noord",
		"speed_limit": 70,
		"passersby": 14994,
		"infractions_speed": 38,
		"infractions_red_light": 0
	},
	{
		"id": 661,
		"year": 2010,
		"month": 201002,
		"date": "3/02/2010 0:00",
		"street": "BISSCHOPPENHOFLAAN",
		"driving_direction": "stadin",
		"speed_limit": 50,
		"passersby": 16476,
		"infractions_speed": 2,
		"infractions_red_light": 0
	},
	{
		"id": 664,
		"year": 2010,
		"month": 201002,
		"date": "4/02/2010 0:00",
		"street": "GASTHUISTUNNEL",
		"driving_direction": "staduit",
		"speed_limit": 30,
		"passersby": 2161,
		"infractions_speed": 56,
		"infractions_red_light": 0
	},
	{
		"id": 667,
		"year": 2010,
		"month": 201002,
		"date": "4/02/2010 0:00",
		"street": "BINNENSINGEL",
		"driving_direction": "zuid",
		"speed_limit": 70,
		"passersby": 26636,
		"infractions_speed": 64,
		"infractions_red_light": 0
	},
	{
		"id": 670,
		"year": 2010,
		"month": 201002,
		"date": "4/02/2010 0:00",
		"street": "BISSCHOPPENHOFLAAN",
		"driving_direction": "stadin",
		"speed_limit": 50,
		"passersby": 16682,
		"infractions_speed": 5,
		"infractions_red_light": 0
	},
	{
		"id": 673,
		"year": 2010,
		"month": 201002,
		"date": "4/02/2010 0:00",
		"street": "BINNENSINGEL",
		"driving_direction": "noord",
		"speed_limit": 70,
		"passersby": 28857,
		"infractions_speed": 75,
		"infractions_red_light": 0
	},
	{
		"id": 676,
		"year": 2010,
		"month": 201002,
		"date": "4/02/2010 0:00",
		"street": "NOORDERSINGEL",
		"driving_direction": "noord",
		"speed_limit": 70,
		"passersby": 14305,
		"infractions_speed": 36,
		"infractions_red_light": 0
	},
	{
		"id": 679,
		"year": 2010,
		"month": 201002,
		"date": "4/02/2010 0:00",
		"street": "BREDABAAN",
		"driving_direction": "stadin",
		"speed_limit": 70,
		"passersby": 11118,
		"infractions_speed": 0,
		"infractions_red_light": 3
	},
	{
		"id": 682,
		"year": 2010,
		"month": 201002,
		"date": "5/02/2010 0:00",
		"street": "NOORDERSINGEL",
		"driving_direction": "noord",
		"speed_limit": 70,
		"passersby": 14947,
		"infractions_speed": 34,
		"infractions_red_light": 0
	},
	{
		"id": 685,
		"year": 2010,
		"month": 201002,
		"date": "5/02/2010 0:00",
		"street": "BINNENSINGEL",
		"driving_direction": "zuid",
		"speed_limit": 70,
		"passersby": 25387,
		"infractions_speed": 82,
		"infractions_red_light": 0
	},
	{
		"id": 688,
		"year": 2010,
		"month": 201002,
		"date": "5/02/2010 0:00",
		"street": "BISSCHOPPENHOFLAAN",
		"driving_direction": "stadin",
		"speed_limit": 50,
		"passersby": 16920,
		"infractions_speed": 5,
		"infractions_red_light": 0
	},
	{
		"id": 691,
		"year": 2010,
		"month": 201002,
		"date": "5/02/2010 0:00",
		"street": "BREDABAAN",
		"driving_direction": "stadin",
		"speed_limit": 70,
		"passersby": 11001,
		"infractions_speed": 1,
		"infractions_red_light": 3
	},
	{
		"id": 694,
		"year": 2010,
		"month": 201002,
		"date": "5/02/2010 0:00",
		"street": "BINNENSINGEL",
		"driving_direction": "noord",
		"speed_limit": 70,
		"passersby": 29402,
		"infractions_speed": 69,
		"infractions_red_light": 0
	},
	{
		"id": 697,
		"year": 2010,
		"month": 201002,
		"date": "5/02/2010 0:00",
		"street": "GASTHUISTUNNEL",
		"driving_direction": "staduit",
		"speed_limit": 30,
		"passersby": 1419,
		"infractions_speed": 21,
		"infractions_red_light": 0
	},
	{
		"id": 700,
		"year": 2010,
		"month": 201002,
		"date": "6/02/2010 0:00",
		"street": "NOORDERSINGEL",
		"driving_direction": "noord",
		"speed_limit": 70,
		"passersby": 11634,
		"infractions_speed": 42,
		"infractions_red_light": 0
	},
	{
		"id": 703,
		"year": 2010,
		"month": 201002,
		"date": "6/02/2010 0:00",
		"street": "GASTHUISTUNNEL",
		"driving_direction": "staduit",
		"speed_limit": 30,
		"passersby": 1938,
		"infractions_speed": 59,
		"infractions_red_light": 0
	},
	{
		"id": 706,
		"year": 2010,
		"month": 201002,
		"date": "6/02/2010 0:00",
		"street": "BISSCHOPPENHOFLAAN",
		"driving_direction": "stadin",
		"speed_limit": 50,
		"passersby": 13220,
		"infractions_speed": 8,
		"infractions_red_light": 0
	},
	{
		"id": 709,
		"year": 2010,
		"month": 201002,
		"date": "6/02/2010 0:00",
		"street": "BREDABAAN",
		"driving_direction": "stadin",
		"speed_limit": 70,
		"passersby": 9771,
		"infractions_speed": 0,
		"infractions_red_light": 1
	}
]
